Activate_145172.xlsx,
Summit_145107.xlsx,
Summit_144884.xlsx,
Summit_144923.xlsx,
Summit_144393_P1.xlsx,
Summit_145756_P1.xlsx,
Activate_145551_P1.xlsx,
Summit_146786_P1.xlsx,
Summit_146786_P2_M01_D01.xlsx,
Summit_153357_P1.xlsx,
JobScheduled_Daily_PreEOD.xlsx,
JobScheduled_Daily_EOD.xlsx,
JobScheduled_Daily_EOD_Soc2.xlsx, 
JobScheduled_Daily_StartOfDay.xlsx,
JobScheduled_Monthly_MidOfMonth.xlsx,
JobCommon_DEBR_Soc1.xlsx,
Activate_145551_P2_M01_D15.xlsx,
JobScheduled_Daily_PreEOD.xlsx,
JobScheduled_Daily_EOD.xlsx,
JobScheduled_Daily_EOD_Soc2.xlsx, 
JobScheduled_Daily_StartOfDay.xlsx,
Summit_145745_P1_M01_D31.xlsx,
JobCommon_TRPP_Soc1PostTransInTransactions.xlsx,
JobScheduled_Daily_PreEOD.xlsx,
Summit_Society_Dates_For_Jobs.xlsx,
Summit_Society_Dates_For_Jobs_Soc2.xlsx,
JobScheduled_Daily_EOD.xlsx,
JobScheduled_Daily_EOD_Soc2.xlsx, 
JobScheduled_Yearly_FirstDayOfYear.xlsx,
JobScheduled_Daily_StartOfDay.xlsx,
JobCommon_FSCSD_Soc1.xlsx,
JobCommon_FSCSX_Soc1.xlsx,
Summit_145745_P2_M02_D01.xlsx,
Summit_145756_P2_M02_D01_Post_INPD.xlsx,
Summit_153357_P2_M02_D01.xlsx,
Summit_146786_P3_M02_D01.xlsx,
Summit_144393_P4_M02_D01_Post_FSCSX.xlsx,
JobCommon_FSCG_Soc1.xlsx,
Summit_144393_P6_M02_D01_Post_FSCG.xlsx,
Job_XVAL_144393_P7_M02_D01.xlsx,
Summit_144393_P8_M02_D01_Post_XVAL.xlsx,
JobScheduled_Daily_PreEOD.xlsx,
JobScheduled_Daily_EOD.xlsx,
JobScheduled_Daily_EOD_Soc2.xlsx, 
JobScheduled_Daily_StartOfDay.xlsx,
JobScheduled_Monthly_MidOfMonth.xlsx,
Summit_145745_P3_M02_D15.xlsx,
JobScheduled_Daily_PreEOD.xlsx,
JobScheduled_Daily_EOD.xlsx,
JobScheduled_Daily_EOD_Soc2.xlsx, 
JobScheduled_Daily_StartOfDay.xlsx,
JobScheduled_Daily_PreEOD.xlsx,
Summit_Society_Dates_For_Jobs.xlsx,
Summit_Society_Dates_For_Jobs_Soc2.xlsx,
JobScheduled_Daily_EOD.xlsx,
JobScheduled_Daily_EOD_Soc2.xlsx, 
JobScheduled_Monthly_FirstDayOfMonth.xlsx,
JobScheduled_Daily_StartOfDay.xlsx,
Summit_153357_P3_M03_D01.xlsx,
JobScheduled_Daily_PreEOD.xlsx,
JobScheduled_Daily_EOD.xlsx,
JobScheduled_Daily_EOD_Soc2.xlsx, 
JobScheduled_Daily_StartOfDay.xlsx,
JobScheduled_Monthly_MidOfMonth.xlsx,
JobScheduled_Daily_PreEOD.xlsx,
JobScheduled_Daily_EOD.xlsx,
JobScheduled_Daily_EOD_Soc2.xlsx, 
JobScheduled_Daily_StartOfDay.xlsx,
JobScheduled_Daily_PreEOD.xlsx,
Summit_Society_Dates_For_Jobs.xlsx,
Summit_Society_Dates_For_Jobs_Soc2.xlsx,
JobScheduled_Daily_EOD.xlsx,
JobScheduled_Daily_EOD_Soc2.xlsx, 
JobScheduled_Monthly_FirstDayOfMonth.xlsx,Needed for 153191 TC
JobScheduled_Daily_StartOfDay.xlsx,Needed for 153191 TC
JobScheduled_Daily_PreEOD.xlsx,Needed for 153191 TC
JobScheduled_Daily_EOD.xlsx,
JobScheduled_Daily_EOD_Soc2.xlsx, 
#JobScheduled_Daily_StartOfDay.xlsx,
#JobScheduled_Monthly_MidOfMonth.xlsx,
JobScheduled_Daily_PreEOD.xlsx,Needed for 153191 TC
JobScheduled_Daily_EOD.xlsx,
JobScheduled_Daily_EOD_Soc2.xlsx, 
#JobScheduled_Daily_StartOfDay.xlsx,
#JobScheduled_Daily_PreEOD.xlsx,
Summit_Society_Dates_For_Jobs.xlsx,
Summit_Society_Dates_For_Jobs_Soc2.xlsx,
JobScheduled_Daily_EOD.xlsx,
JobScheduled_Daily_EOD_Soc2.xlsx, 
JobScheduled_Quarterly_FirstDayOfQuarter.xlsx,
#JobScheduled_Daily_StartOfDay.xlsx,
#JobScheduled_Daily_PreEOD.xlsx,
JobScheduled_Daily_EOD.xlsx,
JobScheduled_Daily_EOD_Soc2.xlsx, 
#JobScheduled_Daily_StartOfDay.xlsx,
#JobScheduled_Monthly_MidOfMonth.xlsx,
#JobScheduled_Daily_PreEOD.xlsx,
JobScheduled_Daily_EOD.xlsx,
JobScheduled_Daily_EOD_Soc2.xlsx, 
#JobScheduled_Daily_StartOfDay.xlsx,
#JobScheduled_Daily_PreEOD.xlsx,
Summit_Society_Dates_For_Jobs.xlsx,
Summit_Society_Dates_For_Jobs_Soc2.xlsx,
JobScheduled_Daily_EOD.xlsx,
JobScheduled_Daily_EOD_Soc2.xlsx, 
JobScheduled_Monthly_FirstDayOfMonth.xlsx,
#JobScheduled_Daily_StartOfDay.xlsx,
#JobScheduled_Daily_PreEOD.xlsx,
JobScheduled_Daily_EOD.xlsx,
JobScheduled_Daily_EOD_Soc2.xlsx, 
#JobScheduled_Daily_StartOfDay.xlsx,
#JobScheduled_Monthly_MidOfMonth.xlsx,
#JobScheduled_Daily_PreEOD.xlsx,
JobScheduled_Daily_EOD.xlsx,
JobScheduled_Daily_EOD_Soc2.xlsx,
#JobScheduled_Daily_StartOfDay.xlsx,
#JobScheduled_Daily_PreEOD.xlsx,
Summit_Society_Dates_For_Jobs.xlsx,
Summit_Society_Dates_For_Jobs_Soc2.xlsx,
JobScheduled_Daily_EOD.xlsx,
JobScheduled_Daily_EOD_Soc2.xlsx,
JobScheduled_Monthly_FirstDayOfMonth.xlsx,
#JobScheduled_Daily_StartOfDay.xlsx,
#JobScheduled_Daily_PreEOD.xlsx,
JobScheduled_Daily_EOD.xlsx,
JobScheduled_Daily_EOD_Soc2.xlsx,
#JobScheduled_Daily_StartOfDay.xlsx,
#JobScheduled_Monthly_MidOfMonth.xlsx,
#JobScheduled_Daily_PreEOD.xlsx,
JobScheduled_Daily_EOD.xlsx,
JobScheduled_Daily_EOD_Soc2.xlsx,
#JobScheduled_Daily_StartOfDay.xlsx,
#JobScheduled_Daily_PreEOD.xlsx,
Summit_Society_Dates_For_Jobs.xlsx,
Summit_Society_Dates_For_Jobs_Soc2.xlsx,
JobScheduled_Daily_EOD.xlsx,
JobScheduled_Daily_EOD_Soc2.xlsx,
JobScheduled_Quarterly_FirstDayOfQuarter.xlsx,
#JobScheduled_Daily_StartOfDay.xlsx,
#JobScheduled_Daily_PreEOD.xlsx,
JobScheduled_Daily_EOD.xlsx,
JobScheduled_Daily_EOD_Soc2.xlsx,
#JobScheduled_Daily_StartOfDay.xlsx,
#JobScheduled_Monthly_MidOfMonth.xlsx,
#JobScheduled_Daily_PreEOD.xlsx,
JobScheduled_Daily_EOD.xlsx,
JobScheduled_Daily_EOD_Soc2.xlsx,
JobScheduled_Daily_StartOfDay.xlsx,
JobScheduled_Daily_PreEOD.xlsx,
Summit_Society_Dates_For_Jobs.xlsx,
Summit_Society_Dates_For_Jobs_Soc2.xlsx,
JobScheduled_Daily_EOD.xlsx,
JobScheduled_Daily_EOD_Soc2.xlsx,
JobScheduled_Monthly_FirstDayOfMonth.xlsx,
#JobScheduled_Daily_StartOfDay.xlsx,
#JobScheduled_Daily_PreEOD.xlsx,
JobScheduled_Daily_EOD.xlsx,
#JobScheduled_Daily_StartOfDay.xlsx,
#JobScheduled_Monthly_MidOfMonth.xlsx,
#JobScheduled_Daily_PreEOD.xlsx,
JobScheduled_Daily_EOD.xlsx,
#JobScheduled_Daily_PreEOD.xlsx,
Summit_Society_Dates_For_Jobs.xlsx,
JobScheduled_Daily_EOD.xlsx,
JobScheduled_Monthly_FirstDayOfMonth.xlsx,
#JobScheduled_Daily_StartOfDay.xlsx,
#JobScheduled_Daily_PreEOD.xlsx,
JobScheduled_Daily_EOD.xlsx,
#JobScheduled_Daily_StartOfDay.xlsx,
#JobScheduled_Monthly_MidOfMonth.xlsx,
#JobScheduled_Daily_PreEOD.xlsx,
JobScheduled_Daily_EOD.xlsx,
#JobScheduled_Daily_StartOfDay.xlsx,
#JobScheduled_Daily_PreEOD.xlsx,
Summit_Society_Dates_For_Jobs.xlsx,
JobScheduled_Daily_EOD.xlsx,
JobScheduled_Quarterly_FirstDayOfQuarter.xlsx,
#JobScheduled_Daily_StartOfDay.xlsx,
#JobScheduled_Daily_PreEOD.xlsx,
JobScheduled_Daily_EOD.xlsx,
#JobScheduled_Daily_StartOfDay.xlsx,
#JobScheduled_Monthly_MidOfMonth.xlsx,
#JobScheduled_Daily_PreEOD.xlsx,
JobScheduled_Daily_EOD.xlsx,
JobScheduled_Daily_StartOfDay.xlsx,
JobScheduled_Daily_PreEOD.xlsx,
Summit_Society_Dates_For_Jobs.xlsx,
JobScheduled_Daily_EOD.xlsx,
JobScheduled_Monthly_FirstDayOfMonth.xlsx,
JobScheduled_Daily_StartOfDay.xlsx,
Summit_Activate_145292_P1_M12_D01.xlsx,
JobScheduled_Daily_PreEOD.xlsx,
JobScheduled_Daily_EOD.xlsx,
JobScheduled_Daily_StartOfDay.xlsx,
JobScheduled_Monthly_MidOfMonth.xlsx,
JobScheduled_Daily_PreEOD.xlsx,
JobScheduled_Daily_EOD.xlsx,
JobScheduled_Daily_StartOfDay.xlsx,
JobScheduled_Daily_PreEOD.xlsx,
Summit_Society_Dates_For_Jobs.xlsx,
JobScheduled_Daily_EOD.xlsx,
JobScheduled_Monthly_FirstDayOfMonth.xlsx,
JobScheduled_Daily_StartOfDay.xlsx,
JobScheduled_Daily_PreEOD.xlsx,
JobScheduled_Daily_EOD.xlsx,
JobScheduled_Daily_StartOfDay.xlsx,
JobScheduled_Monthly_MidOfMonth.xlsx,
JobScheduled_Daily_PreEOD.xlsx,
JobScheduled_Daily_EOD.xlsx,
JobScheduled_Daily_StartOfDay.xlsx,
JobScheduled_Daily_PreEOD.xlsx,
Summit_Society_Dates_For_Jobs.xlsx,
JobScheduled_Daily_EOD.xlsx,
JobScheduled_Yearly_FirstDayOfYear.xlsx,
JobScheduled_Daily_StartOfDay.xlsx,
JobScheduled_Daily_PreEOD.xlsx,
JobScheduled_Daily_EOD.xlsx,
JobScheduled_Daily_StartOfDay.xlsx,
JobScheduled_Monthly_MidOfMonth.xlsx,
JobScheduled_Daily_PreEOD.xlsx,
JobScheduled_Daily_EOD.xlsx,
#JobScheduled_Daily_StartOfDay.xlsx,
#JobScheduled_Daily_PreEOD.xlsx,
Summit_Society_Dates_For_Jobs.xlsx,
JobScheduled_Daily_EOD.xlsx,
JobScheduled_Monthly_FirstDayOfMonth.xlsx,
#JobScheduled_Daily_StartOfDay.xlsx,
#JobScheduled_Daily_PreEOD.xlsx,
JobScheduled_Daily_EOD.xlsx,
#JobScheduled_Daily_StartOfDay.xlsx,
#JobScheduled_Monthly_MidOfMonth.xlsx,
#JobScheduled_Daily_PreEOD.xlsx,
JobScheduled_Daily_EOD.xlsx,
#JobScheduled_Daily_StartOfDay.xlsx,
#JobScheduled_Daily_PreEOD.xlsx,
Summit_Society_Dates_For_Jobs.xlsx,
JobScheduled_Daily_EOD.xlsx,
JobScheduled_Monthly_FirstDayOfMonth.xlsx,
#JobScheduled_Daily_StartOfDay.xlsx,
Job_BTLX_145292_P2_M16_D01.xlsx,
Summit_Activate_145292_P3_M16_D01_Post_BTLX.xlsx,
#JobScheduled_Daily_PreEOD.xlsx,
JobScheduled_Daily_EOD.xlsx,
#JobScheduled_Daily_StartOfDay.xlsx,
#JobScheduled_Monthly_MidOfMonth.xlsx,
Job_BTLG_145292_P4_M16_D15.xlsx,
Summit_Activate_145292_P5_M16_D15_Post_BTLG.xlsx,
#JobScheduled_Daily_PreEOD.xlsx,
JobScheduled_Daily_EOD.xlsx,
#JobScheduled_Daily_StartOfDay.xlsx,
Job_XVAL_145292_P6_M16_D30.xlsx,
Summit_Activate_145292_P7_M16_D30_Post_XVAL.xlsx,
