Summit_Activate_154224_P1.xlsx,PSD
JobCommon_PSDSEC_Soc1_Format3.xlsx,PSD
JobScheduled_Daily_PreEOD.xlsx,
Summit_Activate_154224_P3_M01_D01_Post_PSDSEC.xlsx,PSD
JobScheduled_Daily_EOD.xlsx,
JobScheduled_Daily_EOD_Soc2.xlsx, 
JobScheduled_Daily_StartOfDay.xlsx,
JobScheduled_Monthly_MidOfMonth.xlsx,
Summit_Activate_154224_P4_M01_D15.xlsx,PSD
JobCommon_PSDSEC_Soc1_Format3.xlsx,PSD
Summit_Activate_154224_P6_M01_D15_Post_PSDSEC.xlsx,PSD
JobScheduled_Daily_PreEOD.xlsx,
JobScheduled_Daily_EOD.xlsx,
JobScheduled_Daily_EOD_Soc2.xlsx, 
JobScheduled_Daily_StartOfDay.xlsx,
JobScheduled_Daily_PreEOD.xlsx,
Summit_Society_Dates_For_Jobs.xlsx,
Summit_Society_Dates_For_Jobs_Soc2.xlsx,
JobScheduled_Daily_EOD.xlsx,
JobScheduled_Daily_EOD_Soc2.xlsx, 
JobScheduled_Yearly_FirstDayOfYear.xlsx,
JobScheduled_Daily_StartOfDay.xlsx,
JobScheduled_Daily_PreEOD.xlsx,
JobScheduled_Daily_EOD.xlsx,
JobScheduled_Daily_EOD_Soc2.xlsx, 
JobScheduled_Daily_StartOfDay.xlsx,
JobScheduled_Monthly_MidOfMonth.xlsx,
JobScheduled_Daily_PreEOD.xlsx,
JobScheduled_Daily_EOD.xlsx,
JobScheduled_Daily_EOD_Soc2.xlsx, 
JobScheduled_Daily_StartOfDay.xlsx,
JobScheduled_Daily_PreEOD.xlsx,
Summit_Society_Dates_For_Jobs.xlsx,
Summit_Society_Dates_For_Jobs_Soc2.xlsx,
JobScheduled_Daily_EOD.xlsx,
JobScheduled_Daily_EOD_Soc2.xlsx, 
JobScheduled_Monthly_FirstDayOfMonth.xlsx,
JobScheduled_Daily_StartOfDay.xlsx,
JobScheduled_Daily_PreEOD.xlsx,
JobScheduled_Daily_EOD.xlsx,
JobScheduled_Daily_EOD_Soc2.xlsx, 
JobScheduled_Daily_StartOfDay.xlsx,
JobScheduled_Monthly_MidOfMonth.xlsx,
JobScheduled_Daily_PreEOD.xlsx,
JobScheduled_Daily_EOD.xlsx,
JobScheduled_Daily_EOD_Soc2.xlsx, 
JobScheduled_Daily_StartOfDay.xlsx,
JobScheduled_Daily_PreEOD.xlsx,
Summit_Society_Dates_For_Jobs.xlsx,
Summit_Society_Dates_For_Jobs_Soc2.xlsx,
JobScheduled_Daily_EOD.xlsx,
JobScheduled_Daily_EOD_Soc2.xlsx, 
JobScheduled_Monthly_FirstDayOfMonth.xlsx,Needed for 153191 TC
JobScheduled_Daily_StartOfDay.xlsx,Needed for 153191 TC
JobScheduled_Daily_PreEOD.xlsx,Needed for 153191 TC
JobScheduled_Daily_EOD.xlsx,
JobScheduled_Daily_EOD_Soc2.xlsx, 
JobScheduled_Daily_PreEOD.xlsx,Needed for 153191 TC
JobScheduled_Daily_EOD.xlsx,
JobScheduled_Daily_EOD_Soc2.xlsx, 
Summit_Society_Dates_For_Jobs.xlsx,
Summit_Society_Dates_For_Jobs_Soc2.xlsx,
JobScheduled_Daily_EOD.xlsx,
JobScheduled_Daily_EOD_Soc2.xlsx, 
JobScheduled_Quarterly_FirstDayOfQuarter.xlsx,
Summit_Activate_154223_P1_M05_D01.xlsx,PSD
JobCommon_PSDSEC_Soc1_Format3.xlsx,PSD
Summit_Activate_154223_P3_M05_D01_Post_PSDSEC.xlsx,PSD
Summit_Activate_154223_P4_M05_D01_Post_PSDSEC.xlsx,PSD
Summit_Activate_154223_P5_M05_D01_Post_PSDSEC.xlsx,PSD
JobScheduled_Daily_EOD.xlsx,
JobScheduled_Daily_EOD_Soc2.xlsx, 
JobScheduled_Daily_EOD.xlsx,
JobScheduled_Daily_EOD_Soc2.xlsx, 
Summit_Society_Dates_For_Jobs.xlsx,
Summit_Society_Dates_For_Jobs_Soc2.xlsx,
JobScheduled_Daily_EOD.xlsx,
JobScheduled_Daily_EOD_Soc2.xlsx, 
JobScheduled_Monthly_FirstDayOfMonth.xlsx,
JobCommon_PSDPEC_Soc1_Format3.xlsx,PSD
Summit_Activate_154223_P7_M06_D01_Post_PSDPEC.xlsx,PSD
Summit_Activate_154223_P8_M06_D01_Post_PSDPEC.xlsx,PSD
Summit_Activate_154223_P9_M06_D01_Post_PSDPEC.xlsx,PSD
JobCommon_PSDPXC_Soc1_Format3.xlsx,PSD
Summit_Activate_154223_P11_M06_D01_Post_PSDPXC.xlsx,PSD
JobCommon_PSDSXC_Soc1_Format3.xlsx,PSD
Summit_Activate_154223_P13_M06_D01_Post_PSDSXC.xlsx,PSD
Summit_Activate_154225_P1_M06_D01.xlsx,PSD
JobScheduled_Daily_EOD.xlsx,
JobScheduled_Daily_EOD_Soc2.xlsx, 
JobScheduled_Daily_EOD.xlsx,
JobScheduled_Daily_EOD_Soc2.xlsx,
Summit_Society_Dates_For_Jobs.xlsx,
Summit_Society_Dates_For_Jobs_Soc2.xlsx,
JobScheduled_Daily_EOD.xlsx,
JobScheduled_Daily_EOD_Soc2.xlsx,
JobScheduled_Monthly_FirstDayOfMonth.xlsx,
JobScheduled_Daily_EOD.xlsx,
JobScheduled_Daily_EOD_Soc2.xlsx,
JobScheduled_Daily_EOD.xlsx,
JobScheduled_Daily_EOD_Soc2.xlsx,
Summit_Society_Dates_For_Jobs.xlsx,
Summit_Society_Dates_For_Jobs_Soc2.xlsx,
JobScheduled_Daily_EOD.xlsx,
JobScheduled_Daily_EOD_Soc2.xlsx,
JobScheduled_Quarterly_FirstDayOfQuarter.xlsx,
JobScheduled_Daily_EOD.xlsx,
JobScheduled_Daily_EOD_Soc2.xlsx,
JobScheduled_Daily_EOD.xlsx,
JobScheduled_Daily_EOD_Soc2.xlsx,
JobScheduled_Daily_StartOfDay.xlsx,
JobScheduled_Daily_PreEOD.xlsx,
Summit_Society_Dates_For_Jobs.xlsx,
Summit_Society_Dates_For_Jobs_Soc2.xlsx,
JobScheduled_Daily_EOD.xlsx,
JobScheduled_Daily_EOD_Soc2.xlsx,
JobScheduled_Monthly_FirstDayOfMonth.xlsx,
JobScheduled_Daily_EOD.xlsx,
JobScheduled_Daily_EOD.xlsx,
Summit_Society_Dates_For_Jobs.xlsx,
JobScheduled_Daily_EOD.xlsx,
JobScheduled_Monthly_FirstDayOfMonth.xlsx,
JobScheduled_Daily_EOD.xlsx,
JobScheduled_Daily_EOD.xlsx,
Summit_Society_Dates_For_Jobs.xlsx,
JobScheduled_Daily_EOD.xlsx,
JobScheduled_Quarterly_FirstDayOfQuarter.xlsx,
JobScheduled_Daily_EOD.xlsx,
JobScheduled_Daily_EOD.xlsx,
JobScheduled_Daily_StartOfDay.xlsx,
JobScheduled_Daily_PreEOD.xlsx,
Summit_Society_Dates_For_Jobs.xlsx,
JobScheduled_Daily_EOD.xlsx,
JobScheduled_Monthly_FirstDayOfMonth.xlsx,
JobScheduled_Daily_StartOfDay.xlsx,
JobCommon_PSDSEC_Soc1_Format3.xlsx,PSD
Summit_Activate_154225_P3_M12_D01_Post_PSDSEC.xlsx,PSD
Summit_Activate_154333_P1_M12_D01.xlsx,PSD
JobScheduled_Daily_PreEOD.xlsx,
JobScheduled_Daily_EOD.xlsx,
JobScheduled_Daily_StartOfDay.xlsx,
JobScheduled_Monthly_MidOfMonth.xlsx,
JobScheduled_Daily_PreEOD.xlsx,
JobScheduled_Daily_EOD.xlsx,
JobScheduled_Daily_StartOfDay.xlsx,
JobScheduled_Daily_PreEOD.xlsx,
Summit_Society_Dates_For_Jobs.xlsx,
JobScheduled_Daily_EOD.xlsx,
JobScheduled_Monthly_FirstDayOfMonth.xlsx,
JobScheduled_Daily_StartOfDay.xlsx,
JobScheduled_Daily_PreEOD.xlsx,
JobScheduled_Daily_EOD.xlsx,
JobScheduled_Daily_StartOfDay.xlsx,
JobScheduled_Monthly_MidOfMonth.xlsx,
JobScheduled_Daily_PreEOD.xlsx,
JobScheduled_Daily_EOD.xlsx,
JobScheduled_Daily_StartOfDay.xlsx,
JobScheduled_Daily_PreEOD.xlsx,
Summit_Society_Dates_For_Jobs.xlsx,
JobScheduled_Daily_EOD.xlsx,
JobScheduled_Yearly_FirstDayOfYear.xlsx,
JobScheduled_Daily_StartOfDay.xlsx,
JobCommon_PSDSEC_Soc1_Format3.xlsx,PSD
Summit_Activate_154333_P3_M14_D01_Post_PSDPEC.xlsx,PSD
